----初始化
TRUNCATE TABLE SYS_USER
TRUNCATE TABLE SYS_ROLE
TRUNCATE TABLE SYS_USER_ROLE
TRUNCATE TABLE SYS_WEB_MODULE
TRUNCATE TABLE SYS_FUNCTION
TRUNCATE TABLE SYS_PERM
TRUNCATE TABLE SYS_NO

----系统管理员脚本 admin
INSERT INTO SYS_USER(USER_CODE,USER_PWD,USER_NAME,ORGAN_CODE,ROLE_TYPE,IS_AVAILABLE,IS_ADMIN,CREATE_BY,CREATE_TIME,UPDATE_BY,UPDATE_TIME) VALUES('admin','B6C2147BECD148DB','系统管理员',NULL,'01',1,1,1,getDate(),1,getDate())
INSERT INTO SYS_ROLE(ROLE_NO,ROLE_NAME,ROLE_TYPE,IS_ENABLED,IS_ADMIN,CREATE_BY,CREATE_TIME,UPDATE_BY,UPDATE_TIME) VALUES('1','系统权限','01',1,1,1,getDate(),1,getDate())
INSERT INTO SYS_USER_ROLE(USER_ID,ROLE_NO,CREATE_BY,CREATE_TIME,UPDATE_BY,UPDATE_TIME) VALUES(1,'1',1,getDate(),1,getDate())

-----系统初始化脚本
INSERT INTO SYS_WEB_MODULE(MODULE_TYPE,MODULE_CODE,MODULE_NAME,MODULE_URL,MODULE_FILE,PARENT_CODE,IS_GROUP,PICTURE_NAME,IS_AVAILABLE,SORT_NO) VALUES ('01','9000000','系统管理',NULL,NULL,'0000000',1,'el-icon-setting',1,99)
INSERT INTO SYS_FUNCTION (FUNCTION_ID ,MODULE_CODE ,FUNCTION_CODE ,FUNCTION_NAME,IS_CUSTOM) VALUES ('900000010','9000000',10,'Cate',0)
INSERT INTO SYS_PERM (ROLE_NO,FUNCTION_ID,CREATE_BY,CREATE_TIME,UPDATE_BY,UPDATE_TIME) VALUES ('1','900000010',1,getDate(),1,getDate())

INSERT INTO SYS_WEB_MODULE(MODULE_TYPE,MODULE_CODE,MODULE_NAME,MODULE_URL,MODULE_FILE,MODIFY_FILE,PARENT_CODE,IS_GROUP,PICTURE_NAME,IS_AVAILABLE) VALUES ('01','9000100','角色管理','/RoleManage/Index','','','9000000',0,'el-icon-document',1)
INSERT INTO SYS_FUNCTION (FUNCTION_ID ,MODULE_CODE ,FUNCTION_CODE ,FUNCTION_NAME,IS_CUSTOM) VALUES ('900010020','9000100',20,'Module',0)
INSERT INTO SYS_FUNCTION (FUNCTION_ID ,MODULE_CODE ,FUNCTION_CODE ,FUNCTION_NAME,IS_CUSTOM) VALUES ('900010030','9000100',30,'查询',0)
INSERT INTO SYS_FUNCTION (FUNCTION_ID ,MODULE_CODE ,FUNCTION_CODE ,FUNCTION_NAME,IS_CUSTOM) VALUES ('900010031','9000100',31,'新增',0)
INSERT INTO SYS_FUNCTION (FUNCTION_ID ,MODULE_CODE ,FUNCTION_CODE ,FUNCTION_NAME,IS_CUSTOM) VALUES ('900010032','9000100',32,'编辑',0)
INSERT INTO SYS_FUNCTION (FUNCTION_ID ,MODULE_CODE ,FUNCTION_CODE ,FUNCTION_NAME,IS_CUSTOM) VALUES ('900010033','9000100',33,'删除',0)

INSERT INTO SYS_PERM (ROLE_NO,FUNCTION_ID,CREATE_BY,CREATE_TIME,UPDATE_BY,UPDATE_TIME) VALUES ('1','900010020',1,getDate(),1,getDate())
INSERT INTO SYS_PERM (ROLE_NO,FUNCTION_ID,CREATE_BY,CREATE_TIME,UPDATE_BY,UPDATE_TIME) VALUES ('1','900010030',1,getDate(),1,getDate())
INSERT INTO SYS_PERM (ROLE_NO,FUNCTION_ID,CREATE_BY,CREATE_TIME,UPDATE_BY,UPDATE_TIME) VALUES ('1','900010031',1,getDate(),1,getDate())
INSERT INTO SYS_PERM (ROLE_NO,FUNCTION_ID,CREATE_BY,CREATE_TIME,UPDATE_BY,UPDATE_TIME) VALUES ('1','900010032',1,getDate(),1,getDate())
INSERT INTO SYS_PERM (ROLE_NO,FUNCTION_ID,CREATE_BY,CREATE_TIME,UPDATE_BY,UPDATE_TIME) VALUES ('1','900010033',1,getDate(),1,getDate())

INSERT INTO SYS_WEB_MODULE(MODULE_TYPE,MODULE_CODE,MODULE_NAME,MODULE_URL,MODULE_FILE,MODIFY_FILE,PARENT_CODE,IS_GROUP,PICTURE_NAME,IS_AVAILABLE) VALUES ('01','9000200','用户管理','/UserManage/Index','','','9000000',0,'el-icon-document',1)
INSERT INTO SYS_FUNCTION (FUNCTION_ID ,MODULE_CODE ,FUNCTION_CODE ,FUNCTION_NAME,IS_CUSTOM) VALUES ('900020020','9000200',20,'Module',0)
INSERT INTO SYS_FUNCTION (FUNCTION_ID ,MODULE_CODE ,FUNCTION_CODE ,FUNCTION_NAME,IS_CUSTOM) VALUES ('900020030','9000200',30,'查询',0)
INSERT INTO SYS_FUNCTION (FUNCTION_ID ,MODULE_CODE ,FUNCTION_CODE ,FUNCTION_NAME,IS_CUSTOM) VALUES ('900020031','9000200',31,'新增',0)
INSERT INTO SYS_FUNCTION (FUNCTION_ID ,MODULE_CODE ,FUNCTION_CODE ,FUNCTION_NAME,IS_CUSTOM) VALUES ('900020032','9000200',32,'编辑',0)
INSERT INTO SYS_FUNCTION (FUNCTION_ID ,MODULE_CODE ,FUNCTION_CODE ,FUNCTION_NAME,IS_CUSTOM) VALUES ('900020033','9000200',33,'删除',0)

INSERT INTO SYS_PERM (ROLE_NO,FUNCTION_ID,CREATE_BY,CREATE_TIME,UPDATE_BY,UPDATE_TIME) VALUES ('1','900020020',1,getDate(),1,getDate())
INSERT INTO SYS_PERM (ROLE_NO,FUNCTION_ID,CREATE_BY,CREATE_TIME,UPDATE_BY,UPDATE_TIME) VALUES ('1','900020030',1,getDate(),1,getDate())
INSERT INTO SYS_PERM (ROLE_NO,FUNCTION_ID,CREATE_BY,CREATE_TIME,UPDATE_BY,UPDATE_TIME) VALUES ('1','900020031',1,getDate(),1,getDate())
INSERT INTO SYS_PERM (ROLE_NO,FUNCTION_ID,CREATE_BY,CREATE_TIME,UPDATE_BY,UPDATE_TIME) VALUES ('1','900020032',1,getDate(),1,getDate())
INSERT INTO SYS_PERM (ROLE_NO,FUNCTION_ID,CREATE_BY,CREATE_TIME,UPDATE_BY,UPDATE_TIME) VALUES ('1','900020033',1,getDate(),1,getDate())

INSERT INTO SYS_WEB_MODULE(MODULE_TYPE,MODULE_CODE,MODULE_NAME,MODULE_URL,MODULE_FILE,MODIFY_FILE,PARENT_CODE,IS_GROUP,PICTURE_NAME,IS_AVAILABLE) VALUES ('01','9000300','平台配置','/','','','9000000',0,'el-icon-document',1)
INSERT INTO SYS_FUNCTION (FUNCTION_ID ,MODULE_CODE ,FUNCTION_CODE ,FUNCTION_NAME,IS_CUSTOM) VALUES ('900030020','9000300',20,'Module',0)
INSERT INTO SYS_FUNCTION (FUNCTION_ID ,MODULE_CODE ,FUNCTION_CODE ,FUNCTION_NAME,IS_CUSTOM) VALUES ('900030032','9000300',32,'维护',0)

INSERT INTO SYS_WEB_MODULE(MODULE_TYPE,MODULE_CODE,MODULE_NAME,MODULE_URL,MODULE_FILE,MODIFY_FILE,PARENT_CODE,IS_GROUP,PICTURE_NAME,IS_AVAILABLE) VALUES ('01','9000400','图片管理','/','','','9000000',0,'el-icon-document',1)
INSERT INTO SYS_FUNCTION (FUNCTION_ID ,MODULE_CODE ,FUNCTION_CODE ,FUNCTION_NAME,IS_CUSTOM) VALUES ('900040020','9000400',20,'Module',0)
INSERT INTO SYS_FUNCTION (FUNCTION_ID ,MODULE_CODE ,FUNCTION_CODE ,FUNCTION_NAME,IS_CUSTOM) VALUES ('900040030','9000400',30,'查询',0)
INSERT INTO SYS_FUNCTION (FUNCTION_ID ,MODULE_CODE ,FUNCTION_CODE ,FUNCTION_NAME,IS_CUSTOM) VALUES ('900040031','9000400',31,'新增',0)
INSERT INTO SYS_FUNCTION (FUNCTION_ID ,MODULE_CODE ,FUNCTION_CODE ,FUNCTION_NAME,IS_CUSTOM) VALUES ('900040032','9000400',32,'编辑',0)
INSERT INTO SYS_FUNCTION (FUNCTION_ID ,MODULE_CODE ,FUNCTION_CODE ,FUNCTION_NAME,IS_CUSTOM) VALUES ('900040033','9000400',33,'删除',0)


INSERT INTO SYS_WEB_MODULE(MODULE_TYPE,MODULE_CODE,MODULE_NAME,MODULE_URL,MODULE_FILE,PARENT_CODE,IS_GROUP,PICTURE_NAME,IS_AVAILABLE,SORT_NO) VALUES ('01','1000000','活动中心',NULL,NULL,'0000000',1,'el-icon-setting',1,99)
INSERT INTO SYS_FUNCTION (FUNCTION_ID ,MODULE_CODE ,FUNCTION_CODE ,FUNCTION_NAME,IS_CUSTOM) VALUES ('100000010','1000000',10,'Cate',0)

INSERT INTO SYS_WEB_MODULE(MODULE_TYPE,MODULE_CODE,MODULE_NAME,MODULE_URL,MODULE_FILE,MODIFY_FILE,PARENT_CODE,IS_GROUP,PICTURE_NAME,IS_AVAILABLE) VALUES ('01','1000100','活动详情','','','','1000000',0,'el-icon-document',1)
INSERT INTO SYS_FUNCTION (FUNCTION_ID ,MODULE_CODE ,FUNCTION_CODE ,FUNCTION_NAME,IS_CUSTOM) VALUES ('100010020','1000100',20,'Module',0)
INSERT INTO SYS_FUNCTION (FUNCTION_ID ,MODULE_CODE ,FUNCTION_CODE ,FUNCTION_NAME,IS_CUSTOM) VALUES ('100010030','1000100',30,'查询',0)
INSERT INTO SYS_FUNCTION (FUNCTION_ID ,MODULE_CODE ,FUNCTION_CODE ,FUNCTION_NAME,IS_CUSTOM) VALUES ('100010031','1000100',31,'新增',0)
INSERT INTO SYS_FUNCTION (FUNCTION_ID ,MODULE_CODE ,FUNCTION_CODE ,FUNCTION_NAME,IS_CUSTOM) VALUES ('100010032','1000100',32,'编辑',0)
INSERT INTO SYS_FUNCTION (FUNCTION_ID ,MODULE_CODE ,FUNCTION_CODE ,FUNCTION_NAME,IS_CUSTOM) VALUES ('100010033','1000100',33,'删除',0)

INSERT INTO SYS_WEB_MODULE(MODULE_TYPE,MODULE_CODE,MODULE_NAME,MODULE_URL,MODULE_FILE,MODIFY_FILE,PARENT_CODE,IS_GROUP,PICTURE_NAME,IS_AVAILABLE) VALUES ('01','1000200','活动报名','','','','1000000',0,'el-icon-document',1)
INSERT INTO SYS_FUNCTION (FUNCTION_ID ,MODULE_CODE ,FUNCTION_CODE ,FUNCTION_NAME,IS_CUSTOM) VALUES ('100020020','1000200',20,'Module',0)
INSERT INTO SYS_FUNCTION (FUNCTION_ID ,MODULE_CODE ,FUNCTION_CODE ,FUNCTION_NAME,IS_CUSTOM) VALUES ('100020030','1000200',30,'查询',0)
INSERT INTO SYS_FUNCTION (FUNCTION_ID ,MODULE_CODE ,FUNCTION_CODE ,FUNCTION_NAME,IS_CUSTOM) VALUES ('100020032','1000200',32,'编辑',0)
INSERT INTO SYS_FUNCTION (FUNCTION_ID ,MODULE_CODE ,FUNCTION_CODE ,FUNCTION_NAME,IS_CUSTOM) VALUES ('100020033','1000200',33,'删除',0)


INSERT INTO SYS_WEB_MODULE(MODULE_TYPE,MODULE_CODE,MODULE_NAME,MODULE_URL,MODULE_FILE,PARENT_CODE,IS_GROUP,PICTURE_NAME,IS_AVAILABLE,SORT_NO) VALUES ('01','2000000','信息中心',NULL,NULL,'0000000',1,'el-icon-setting',1,99)
INSERT INTO SYS_FUNCTION (FUNCTION_ID ,MODULE_CODE ,FUNCTION_CODE ,FUNCTION_NAME,IS_CUSTOM) VALUES ('200000010','2000000',10,'Cate',0)

INSERT INTO SYS_WEB_MODULE(MODULE_TYPE,MODULE_CODE,MODULE_NAME,MODULE_URL,MODULE_FILE,MODIFY_FILE,PARENT_CODE,IS_GROUP,PICTURE_NAME,IS_AVAILABLE) VALUES ('01','2000050','数据字典','','','','2000000',0,'el-icon-document',1)
INSERT INTO SYS_FUNCTION (FUNCTION_ID ,MODULE_CODE ,FUNCTION_CODE ,FUNCTION_NAME,IS_CUSTOM) VALUES ('200005020','2000050',20,'Module',0)
INSERT INTO SYS_FUNCTION (FUNCTION_ID ,MODULE_CODE ,FUNCTION_CODE ,FUNCTION_NAME,IS_CUSTOM) VALUES ('200005030','2000050',30,'查询',0)
INSERT INTO SYS_FUNCTION (FUNCTION_ID ,MODULE_CODE ,FUNCTION_CODE ,FUNCTION_NAME,IS_CUSTOM) VALUES ('200005031','2000050',31,'新增',0)
INSERT INTO SYS_FUNCTION (FUNCTION_ID ,MODULE_CODE ,FUNCTION_CODE ,FUNCTION_NAME,IS_CUSTOM) VALUES ('200005032','2000050',32,'编辑',0)
INSERT INTO SYS_FUNCTION (FUNCTION_ID ,MODULE_CODE ,FUNCTION_CODE ,FUNCTION_NAME,IS_CUSTOM) VALUES ('200005033','2000050',33,'删除',0)

INSERT INTO SYS_WEB_MODULE(MODULE_TYPE,MODULE_CODE,MODULE_NAME,MODULE_URL,MODULE_FILE,MODIFY_FILE,PARENT_CODE,IS_GROUP,PICTURE_NAME,IS_AVAILABLE) VALUES ('01','2000100','选择我们','','','','2000000',0,'el-icon-document',1)
INSERT INTO SYS_FUNCTION (FUNCTION_ID ,MODULE_CODE ,FUNCTION_CODE ,FUNCTION_NAME,IS_CUSTOM) VALUES ('200010020','2000100',20,'Module',0)
INSERT INTO SYS_FUNCTION (FUNCTION_ID ,MODULE_CODE ,FUNCTION_CODE ,FUNCTION_NAME,IS_CUSTOM) VALUES ('200010030','2000100',30,'查询',0)
INSERT INTO SYS_FUNCTION (FUNCTION_ID ,MODULE_CODE ,FUNCTION_CODE ,FUNCTION_NAME,IS_CUSTOM) VALUES ('200010031','2000100',31,'新增',0)
INSERT INTO SYS_FUNCTION (FUNCTION_ID ,MODULE_CODE ,FUNCTION_CODE ,FUNCTION_NAME,IS_CUSTOM) VALUES ('200010032','2000100',32,'编辑',0)
INSERT INTO SYS_FUNCTION (FUNCTION_ID ,MODULE_CODE ,FUNCTION_CODE ,FUNCTION_NAME,IS_CUSTOM) VALUES ('200010033','2000100',33,'删除',0)


INSERT INTO SYS_WEB_MODULE(MODULE_TYPE,MODULE_CODE,MODULE_NAME,MODULE_URL,MODULE_FILE,MODIFY_FILE,PARENT_CODE,IS_GROUP,PICTURE_NAME,IS_AVAILABLE) VALUES ('01','2000200','关于我们','','','','2000000',0,'el-icon-document',1)
INSERT INTO SYS_FUNCTION (FUNCTION_ID ,MODULE_CODE ,FUNCTION_CODE ,FUNCTION_NAME,IS_CUSTOM) VALUES ('200020020','2000200',20,'Module',0)
INSERT INTO SYS_FUNCTION (FUNCTION_ID ,MODULE_CODE ,FUNCTION_CODE ,FUNCTION_NAME,IS_CUSTOM) VALUES ('200020030','2000200',30,'查询',0)
INSERT INTO SYS_FUNCTION (FUNCTION_ID ,MODULE_CODE ,FUNCTION_CODE ,FUNCTION_NAME,IS_CUSTOM) VALUES ('200020031','2000200',31,'新增',0)
INSERT INTO SYS_FUNCTION (FUNCTION_ID ,MODULE_CODE ,FUNCTION_CODE ,FUNCTION_NAME,IS_CUSTOM) VALUES ('200020032','2000200',32,'编辑',0)
INSERT INTO SYS_FUNCTION (FUNCTION_ID ,MODULE_CODE ,FUNCTION_CODE ,FUNCTION_NAME,IS_CUSTOM) VALUES ('200020033','2000200',33,'删除',0)


INSERT INTO SYS_WEB_MODULE(MODULE_TYPE,MODULE_CODE,MODULE_NAME,MODULE_URL,MODULE_FILE,MODIFY_FILE,PARENT_CODE,IS_GROUP,PICTURE_NAME,IS_AVAILABLE) VALUES ('01','2000300','帮助中心','','','','2000000',0,'el-icon-document',1)
INSERT INTO SYS_FUNCTION (FUNCTION_ID ,MODULE_CODE ,FUNCTION_CODE ,FUNCTION_NAME,IS_CUSTOM) VALUES ('200030020','2000300',20,'Module',0)
INSERT INTO SYS_FUNCTION (FUNCTION_ID ,MODULE_CODE ,FUNCTION_CODE ,FUNCTION_NAME,IS_CUSTOM) VALUES ('200030030','2000300',30,'查询',0)
INSERT INTO SYS_FUNCTION (FUNCTION_ID ,MODULE_CODE ,FUNCTION_CODE ,FUNCTION_NAME,IS_CUSTOM) VALUES ('200030031','2000300',31,'新增',0)
INSERT INTO SYS_FUNCTION (FUNCTION_ID ,MODULE_CODE ,FUNCTION_CODE ,FUNCTION_NAME,IS_CUSTOM) VALUES ('200030032','2000300',32,'编辑',0)
INSERT INTO SYS_FUNCTION (FUNCTION_ID ,MODULE_CODE ,FUNCTION_CODE ,FUNCTION_NAME,IS_CUSTOM) VALUES ('200030033','2000300',33,'删除',0)

INSERT INTO SYS_WEB_MODULE(MODULE_TYPE,MODULE_CODE,MODULE_NAME,MODULE_URL,MODULE_FILE,PARENT_CODE,IS_GROUP,PICTURE_NAME,IS_AVAILABLE,SORT_NO) VALUES ('01','3000000','学校管理',NULL,NULL,'0000000',1,'el-icon-setting',1,99)
INSERT INTO SYS_FUNCTION (FUNCTION_ID ,MODULE_CODE ,FUNCTION_CODE ,FUNCTION_NAME,IS_CUSTOM) VALUES ('300000010','3000000',10,'Cate',0)

INSERT INTO SYS_WEB_MODULE(MODULE_TYPE,MODULE_CODE,MODULE_NAME,MODULE_URL,MODULE_FILE,MODIFY_FILE,PARENT_CODE,IS_GROUP,PICTURE_NAME,IS_AVAILABLE) VALUES ('01','3000050','学校信息','','','','3000000',0,'el-icon-document',1)
INSERT INTO SYS_FUNCTION (FUNCTION_ID ,MODULE_CODE ,FUNCTION_CODE ,FUNCTION_NAME,IS_CUSTOM) VALUES ('300005020','3000050',20,'Module',0)
INSERT INTO SYS_FUNCTION (FUNCTION_ID ,MODULE_CODE ,FUNCTION_CODE ,FUNCTION_NAME,IS_CUSTOM) VALUES ('300005030','3000050',30,'查询',0)
INSERT INTO SYS_FUNCTION (FUNCTION_ID ,MODULE_CODE ,FUNCTION_CODE ,FUNCTION_NAME,IS_CUSTOM) VALUES ('300005031','3000050',31,'新增',0)
INSERT INTO SYS_FUNCTION (FUNCTION_ID ,MODULE_CODE ,FUNCTION_CODE ,FUNCTION_NAME,IS_CUSTOM) VALUES ('300005032','3000050',32,'编辑',0)
INSERT INTO SYS_FUNCTION (FUNCTION_ID ,MODULE_CODE ,FUNCTION_CODE ,FUNCTION_NAME,IS_CUSTOM) VALUES ('300005033','3000050',33,'删除',0)

INSERT INTO SYS_WEB_MODULE(MODULE_TYPE,MODULE_CODE,MODULE_NAME,MODULE_URL,MODULE_FILE,MODIFY_FILE,PARENT_CODE,IS_GROUP,PICTURE_NAME,IS_AVAILABLE) VALUES ('01','3000100','招聘信息','','','','3000000',0,'el-icon-document',1)
INSERT INTO SYS_FUNCTION (FUNCTION_ID ,MODULE_CODE ,FUNCTION_CODE ,FUNCTION_NAME,IS_CUSTOM) VALUES ('300010020','3000100',20,'Module',0)
INSERT INTO SYS_FUNCTION (FUNCTION_ID ,MODULE_CODE ,FUNCTION_CODE ,FUNCTION_NAME,IS_CUSTOM) VALUES ('300010030','3000100',30,'查询',0)
INSERT INTO SYS_FUNCTION (FUNCTION_ID ,MODULE_CODE ,FUNCTION_CODE ,FUNCTION_NAME,IS_CUSTOM) VALUES ('300010031','3000100',31,'新增',0)
INSERT INTO SYS_FUNCTION (FUNCTION_ID ,MODULE_CODE ,FUNCTION_CODE ,FUNCTION_NAME,IS_CUSTOM) VALUES ('300010032','3000100',32,'编辑',0)
INSERT INTO SYS_FUNCTION (FUNCTION_ID ,MODULE_CODE ,FUNCTION_CODE ,FUNCTION_NAME,IS_CUSTOM) VALUES ('300010033','3000100',33,'删除',0)

INSERT INTO SYS_WEB_MODULE(MODULE_TYPE,MODULE_CODE,MODULE_NAME,MODULE_URL,MODULE_FILE,MODIFY_FILE,PARENT_CODE,IS_GROUP,PICTURE_NAME,IS_AVAILABLE) VALUES ('01','3000200','校长专访','','','','3000000',0,'el-icon-document',1)
INSERT INTO SYS_FUNCTION (FUNCTION_ID ,MODULE_CODE ,FUNCTION_CODE ,FUNCTION_NAME,IS_CUSTOM) VALUES ('300020020','3000200',20,'Module',0)
INSERT INTO SYS_FUNCTION (FUNCTION_ID ,MODULE_CODE ,FUNCTION_CODE ,FUNCTION_NAME,IS_CUSTOM) VALUES ('300020030','3000200',30,'查询',0)
INSERT INTO SYS_FUNCTION (FUNCTION_ID ,MODULE_CODE ,FUNCTION_CODE ,FUNCTION_NAME,IS_CUSTOM) VALUES ('300020031','3000200',31,'新增',0)
INSERT INTO SYS_FUNCTION (FUNCTION_ID ,MODULE_CODE ,FUNCTION_CODE ,FUNCTION_NAME,IS_CUSTOM) VALUES ('300020032','3000200',32,'编辑',0)
INSERT INTO SYS_FUNCTION (FUNCTION_ID ,MODULE_CODE ,FUNCTION_CODE ,FUNCTION_NAME,IS_CUSTOM) VALUES ('300020033','3000200',33,'删除',0)

INSERT INTO SYS_WEB_MODULE(MODULE_TYPE,MODULE_CODE,MODULE_NAME,MODULE_URL,MODULE_FILE,PARENT_CODE,IS_GROUP,PICTURE_NAME,IS_AVAILABLE,SORT_NO) VALUES ('01','4000000','评委中心',NULL,NULL,'0000000',1,'el-icon-setting',1,99)
INSERT INTO SYS_FUNCTION (FUNCTION_ID ,MODULE_CODE ,FUNCTION_CODE ,FUNCTION_NAME,IS_CUSTOM) VALUES ('400000010','4000000',10,'Cate',0)

INSERT INTO SYS_WEB_MODULE(MODULE_TYPE,MODULE_CODE,MODULE_NAME,MODULE_URL,MODULE_FILE,MODIFY_FILE,PARENT_CODE,IS_GROUP,PICTURE_NAME,IS_AVAILABLE) VALUES ('01','4000100','招聘信息','','','','4000000',0,'el-icon-document',1)
INSERT INTO SYS_FUNCTION (FUNCTION_ID ,MODULE_CODE ,FUNCTION_CODE ,FUNCTION_NAME,IS_CUSTOM) VALUES ('400010020','4000100',20,'Module',0)
INSERT INTO SYS_FUNCTION (FUNCTION_ID ,MODULE_CODE ,FUNCTION_CODE ,FUNCTION_NAME,IS_CUSTOM) VALUES ('400010030','4000100',30,'查询',0)
INSERT INTO SYS_FUNCTION (FUNCTION_ID ,MODULE_CODE ,FUNCTION_CODE ,FUNCTION_NAME,IS_CUSTOM) VALUES ('400010031','4000100',31,'新增',0)
INSERT INTO SYS_FUNCTION (FUNCTION_ID ,MODULE_CODE ,FUNCTION_CODE ,FUNCTION_NAME,IS_CUSTOM) VALUES ('400010032','4000100',32,'编辑',0)
INSERT INTO SYS_FUNCTION (FUNCTION_ID ,MODULE_CODE ,FUNCTION_CODE ,FUNCTION_NAME,IS_CUSTOM) VALUES ('400010033','4000100',33,'删除',0)

INSERT INTO SYS_WEB_MODULE(MODULE_TYPE,MODULE_CODE,MODULE_NAME,MODULE_URL,MODULE_FILE,MODIFY_FILE,PARENT_CODE,IS_GROUP,PICTURE_NAME,IS_AVAILABLE) VALUES ('01','4000200','问卷调查','','','','4000000',0,'el-icon-document',1)
INSERT INTO SYS_FUNCTION (FUNCTION_ID ,MODULE_CODE ,FUNCTION_CODE ,FUNCTION_NAME,IS_CUSTOM) VALUES ('400020020','4000200',20,'Module',0)
INSERT INTO SYS_FUNCTION (FUNCTION_ID ,MODULE_CODE ,FUNCTION_CODE ,FUNCTION_NAME,IS_CUSTOM) VALUES ('400020030','4000200',30,'查询',0)
INSERT INTO SYS_FUNCTION (FUNCTION_ID ,MODULE_CODE ,FUNCTION_CODE ,FUNCTION_NAME,IS_CUSTOM) VALUES ('400020031','4000200',31,'新增',0)
INSERT INTO SYS_FUNCTION (FUNCTION_ID ,MODULE_CODE ,FUNCTION_CODE ,FUNCTION_NAME,IS_CUSTOM) VALUES ('400020032','4000200',32,'编辑',0)
INSERT INTO SYS_FUNCTION (FUNCTION_ID ,MODULE_CODE ,FUNCTION_CODE ,FUNCTION_NAME,IS_CUSTOM) VALUES ('400020033','4000200',33,'删除',0)