USE WestGate;

INSERT INTO User (user_id, email, password_hash, full_name, avatar_url, bio, phone, created_at) VALUES
(1, 'user1@test.com', '33e3f996588677ce376555d9705c6a4e0783924ef7b0f92b335fa735c429b4a7', 'Monica Herrera', 'https://placekitten.com/775/161', 'Those gun court attorney product significant world talk. Herself law street class. Decide environment view possible participant commercial. Clear here writer policy news.', '15428714227', '2023-03-31 15:35:46'),
(2, 'user2@test.com', '338722e96dad3aae7568873eb3b6e1944c3f951dc876e9865a963bee68f43e8c', 'David Tran', 'https://placekitten.com/23/234', 'Fall citizen about reveal. Will seven medical blood personal. Participant check several much single morning a.', '13333204190', '2020-07-17 22:07:01'),
(3, 'user3@test.com', 'e901ca7cf8dd3bd6503db5a64cc84076fdf0c33906ccbf83bfaa5874e4933c9c', 'Crystal Robinson', 'https://dummyimage.com/145x120', 'Teacher audience draw. Democrat car very number line six space.
Best issue interest level. Pull worker better.', '15683106798', '2022-04-03 22:58:23'),
(4, 'user4@test.com', '3e5ad9b7522721098d872bafdbc8d9474e0ef3e2179adc3e0e4b390e008e6ed6', 'Dominique Horton', 'https://dummyimage.com/996x317', 'Why often my security arm. Live try most arm meet surface attention attack.
Build three east organization people information. North first end prove fire enter capital population.', '19348136760', '2024-02-26 19:34:30'),
(5, 'user5@test.com', '19f158a8dd0a774afc830d5db3b686ef4d364ac6b2724d429847355aad6bf03a', 'Amber Walters', 'https://www.lorempixel.com/566/90', 'Pm energy scientist necessary. Night born war real chance along. Old challenge camera final together someone.
Decide economic bill sister this image.', '17524296237', '2023-05-26 18:10:49'),
(6, 'user6@test.com', '17f11377cce550ba23266391390e7efa8e2184789ffa26d8eb694b4c49d56829', 'Erin Johnson', 'https://placekitten.com/534/365', 'Others generation skill job.
History office effort remember. Mind southern rather. Hair attorney professional form finish.
Medical project for recent never. Inside wait quality total past.', '13884095724', '2020-08-14 06:27:59'),
(7, 'user7@test.com', 'f62d5119c23a5cf337c6fbf31ac1870c582eac7e8ee4d111725014494525b61d', 'Kathleen Sanchez', 'https://placeimg.com/11/218/any', 'Sound receive let newspaper. Lead soon property write.', '19611757453', '2024-12-19 16:07:03'),
(8, 'user8@test.com', '1d0d217e4b69baa6a3d574fdae8881893fa778cb70832605cecd5933512c8901', 'Elizabeth Price', 'https://placeimg.com/858/451/any', 'Job ahead from quickly identify. Subject try wonder move.
North agree poor career left anyone here deep. Front they everything week instead strong. Affect much yourself glass practice sit prepare.', '49241991414', '2020-12-01 20:25:37'),
(9, 'user9@test.com', '32231bf0a87a2787c2d7661e6f2009bc44b11a3e25775a9985f430660febc9f1', 'Miguel Jones', 'https://placekitten.com/497/208', 'Someone not American mouth. Attention positive actually information majority item. Player stock religious itself safe whole. Pattern try simple let stay.', '24341914414', '2022-12-04 00:24:32'),
(10, 'user10@test.com', 'e803ad7a82e8c1b484505a853ce2b6f82d14b716e6fe53654e9b46e5b7050b9e', 'Eric Hall', 'https://www.lorempixel.com/394/646', 'Course school everybody operation. Others wonder strategy fast guess few remain. Ever window network recently.', '91114439413', '2025-01-02 11:36:52'),
(11, 'user11@test.com', '90f15a9f60bdecfe3c5db917e3b1b5a9e48e6d26f3eb876fc32f3d85e8e67a5a', 'Theresa Clark', 'https://www.lorempixel.com/432/541', 'Community avoid able late order. Allow explain executive teacher author.
Skin person product value interesting. Different chance enter central arrive society organization.', '14319995413', '2023-07-02 22:28:57'),
(12, 'user12@test.com', 'b4808a1d7cbaf7ca75f87bb442abbe1c8acc25b3032839baa2405e88c7c109eb', 'Brandon King', 'https://www.lorempixel.com/237/827', 'Including could gun series personal service data. Capital explain thing machine ahead picture son. Financial add impact different.', '19822507895', '2024-03-01 06:13:48'),
(13, 'user13@test.com', '808a5c4b3f23a73e1fa0e60b4546a75d16ffe1d6112f34fb3a6069dea44cbb14', 'Kimberly Gibson', 'https://dummyimage.com/659x386', 'Do simply analysis seat relate specific. Write society present charge who call. Forward beyond suddenly between treat address century that.
Light wide full realize. System system teacher here.', '13691569976', '2021-03-20 15:37:51'),
(14, 'user14@test.com', 'd859b8d049800498124d0c91abb7d50887cf3d535b20d1960f5b682f294c18e3', 'Stephanie Marshall', 'https://www.lorempixel.com/589/323', 'Write federal while real lead few. Table blood high grow fast recognize. Within probably ever.
Treat seat strategy. Simply discover soon despite couple. Question return process stuff pick.', '17363842005', '2021-01-18 23:26:38'),
(15, 'user15@test.com', 'cefeaa7675070942bff2d2d94f7c8777b9e9aa274cf7e41d226c347ff776df16', 'Mark Watson', 'https://www.lorempixel.com/478/965', 'Foreign particular positive play less red power. Cause watch fight manage. Doctor Mr home he. Industry score choice increase between majority impact.', '17070003524', '2021-01-26 05:33:54'),
(16, 'user16@test.com', 'bc2a80140d519b9fe49c2788c69cc58d308574eb5bbf0fcfe31a23128fc0abbe', 'Crystal Schroeder', 'https://dummyimage.com/5x567', 'Economy company produce ago address so draw. Administration enter camera inside box as.', '16785244063', '2020-12-21 11:19:52'),
(17, 'user17@test.com', '53958ba0ef8f00112baab4f4e4adbb04a856d6ca75d9eb12b105c5801cb294be', 'Patricia Le', 'https://placeimg.com/440/880/any', 'Fund law indeed believe interview professor. Well rather listen before be it.
News only no form. Improve them wait institution. Why outside goal.', '15806607811', '2023-11-10 10:16:54'),
(18, 'user18@test.com', '2c3df8f0901d654e664816e17cdd89899fedef979707d8a60a38a59eb353e1b4', 'Nathan Frank', 'https://dummyimage.com/173x107', 'Anyone bank kitchen interest parent increase democratic mention. Involve exist question main project animal.', '39221141943', '2022-10-06 00:28:15'),
(19, 'user19@test.com', '387650b37e6aec866f4457316c48f55effdb5c6cf285b4c785da5faf0c83c68d', 'Julia Norris', 'https://placeimg.com/741/180/any', 'Job hundred bad that second. Four collection member box member.
Road standard spring door chair culture. Check service away week physical less nor often. Poor worry follow wife firm key light.', '19421211911', '2024-06-16 05:23:01'),
(20, 'user20@test.com', 'dc1707d7e8fe14eebdf908f624b55cfd33e80f6b4201f9b77044586d8527da00', 'Jake Campbell', 'https://www.lorempixel.com/837/692', 'At behind question exist rich prevent. Their four old center glass whose recognize hot. Remember be next poor foreign campaign reflect water. Behavior provide meet adult final week game.', '44411442221', '2021-08-25 18:53:41'),
(21, 'user21@test.com', 'a292952a52627ffb8d3afd499f21d74016ede120e0df90d80a0bfef9706c16dd', 'Victoria Murray', 'https://placeimg.com/577/782/any', 'Soon catch economic political them. Various represent middle by base civil last.
Store begin treat stage. Us increase how hear history bank. Agreement us stuff practice social.', '18030495058', '2022-07-24 15:27:39'),
(22, 'user22@test.com', '42dbde16a3405a6fdc54aa34620b767fdbf7e25f153932dc2c9ac0f19eb97fe8', 'Mark Dean', 'https://placeimg.com/128/227/any', 'Administration middle drop century investment pass drive. Cost property model guess well name. Never hospital like player wonder effect administration. General run pick sign.', '13084955006', '2023-02-17 09:29:54'),
(23, 'user23@test.com', 'b93f465bfbc6a87c9707fa1396df13962d97f286bdbc4121ada8b04fbd0ed661', 'Jeremiah Huber', 'https://placeimg.com/694/382/any', 'Under mind song risk bad own. Nation fly bag produce. Knowledge response coach know language.
Your ever woman way avoid point guy song. Well central parent sit. Call door population.', '16326321649', '2020-08-18 01:43:13'),
(24, 'user24@test.com', '84a7b3300216672c2b523bd1761bdc1c6aa8f84815329db3b6ad79f632f829e4', 'Jill Miller', 'https://www.lorempixel.com/654/711', 'Face feel church remember record company gun. Building cut catch so ago. Occur level work candidate this assume huge.', '19065055130', '2020-10-17 06:31:36'),
(25, 'user25@test.com', '45c621df3131adf89263c8108aabb42b81f87535a2e69f3b0f12e6b4c8744252', 'Todd Moore', 'https://www.lorempixel.com/691/84', 'We side enough. Short indicate police marriage phone.
Lot source rate father authority. Citizen indeed less future.', '14245398565', '2024-03-25 06:36:56'),
(26, 'user26@test.com', '8c3e9016b9ed0beab6df844d38b87ef4b0bf9460954936d405103e467b9b218b', 'Kathy Levy', 'https://www.lorempixel.com/440/722', 'Manager think pressure like Mr.
Care enough hand idea and anything. Crime network available mean share evidence writer.', '19182871223', '2022-08-13 22:07:19'),
(27, 'user27@test.com', 'fff04c364d2333b05d9f348be5a51a7d1902ed5355b890b8e56a4f7c87b61d01', 'Melissa Johnson', 'https://dummyimage.com/971x543', 'Lose modern return simple herself start drug occur.
Affect finish charge real improve. Turn their save artist catch debate foot production.', '17852906803', '2020-05-10 16:42:16'),
(28, 'user28@test.com', '0beddbcdbdb7481bf6c43cda7ad26543f38e8c22ce083e1035fee143f32bcf88', 'Hannah Ramos', 'https://dummyimage.com/525x981', 'Even no even body scientist dream anything. Difficult do beyond form line race case.', '94921394191', '2022-11-06 22:33:03'),
(29, 'user29@test.com', '7f1342e3e9ccefe30cae2a018b764d12f44d902ad4c7d17e6f63db85b848f744', 'Kimberly Snyder DVM', 'https://dummyimage.com/958x558', 'Class learn either control say so. Purpose cover particularly police if into foreign.
Continue cell food easy. Himself land environment form old. Activity president realize artist brother fill if.', '13211441111', '2021-09-20 01:54:07'),
(30, 'user30@test.com', 'fea065be249a6b87fdb599401477ef7b4ca5b53cd2581f6b0270cbb50bb0cd8d', 'Garrett Meyer', 'https://placeimg.com/238/420/any', 'Knowledge argue car indeed nor next pull. Rich how staff second official.
General as yes various attorney value.
Important shoulder she within position.', '13141429421', '2025-03-25 11:59:50');

INSERT INTO AdminUser (user_id) VALUES
(1),
(2),
(3),
(4),
(5);

INSERT INTO ManagementUser (user_id, institution) VALUES
(6, 'Perry-Soto'),
(7, 'Smith, Gilmore and Johnston'),
(8, 'Johnson, Collins and Byrd'),
(9, 'Barajas-Pierce'),
(10, 'Torres-Oliver'),
(11, 'Simpson, Bates and Morales'),
(12, 'Griffin Group'),
(13, 'Murray LLC'),
(14, 'Richardson-Curry'),
(15, 'Harris, Gallegos and Spencer');

INSERT INTO ViewerUser (user_id, current_degree) VALUES
(16, 'other'),
(17, 'other'),
(18, 'university'),
(19, 'Kindergarten'),
(20, 'university'),
(21, 'high school'),
(22, 'Kindergarten'),
(23, 'Kindergarten'),
(24, 'Kindergarten'),
(25, 'primary school'),
(26, 'primary school'),
(27, 'university'),
(28, 'university'),
(29, 'Kindergarten'),
(30, 'university');

Commit;